SC #,Bartlett 1939 #,Bartlett 1916 #,Title,Year
1402,1138,818,Romeo and Juliet,1637
1398,1143,822,Romeo and Juliet,1637
630,616,427,The Merchant of Venice,1600
663,647,445,The Merchant of Venice,1619
738,695,487,The Merry Wives of Windsor,1619
758,736,0,The Merry Wives of Windsor,1630
762,730,515,The Merry Wives of Windsor,1630
717,700,490,The Merry Wives of Windsor,1619
1527,1193,864,Titus Andronicus,1611
1227,993,704,Richard II,1615
816,794,0,Much Ado About Nothing,1600
687,654,451,The Merchant of Venice,1637
1372,1129,0,Romeo and Juliet,1623
1379,1130,810,Romeo and Juliet,1623
1366,1122,804,Romeo and Juliet,1609
1231,995,702,Richard II,1615
820,792,563,Much Ado About Nothing,1600
861,840,603,Othello,1630
1491,1184,856,The Taming of a/the Shrew,1631
1492,1166,839,The Taming of a/the Shrew,1631
866,846,0,Othello,1630
1477,1170,843,The Taming of a/the Shrew,1631
1553,1213,0,Troilus and Cressida,1609
1551,1219,885,Troilus and Cressida,1609
1555,1221,0,Troilus and Cressida,1609
1358,1106,790,Romeo and Juliet,1599
791,773,552,A Midsummer Night's Dream,1619
1198,966,674,Richard II,1597
1300,1064,755,Richard III,1622
1237,1020,720,Richard II,1634
1247,1016,718,Richard II,1634
1249,1001,0,Richard II,1634
1230,989,696,Richard II,1615
502,535,0,King Lear,1619
505,531,350,King Lear,1619
1207,972,677,Richard II,1598
1211,977,684,Richard II,1608
1299,1059,751,Richard III,1622
1325,1087,773,Richard III,1634
202,218,126,1 Henry IV,1599
272,287,193,1 Henry IV,1639
196,212,128,1 Henry IV,1599
195,211,127,1 Henry IV,1599
1315,1067,758,Richard III,1629
280,292,0,1 Henry IV,1639
1276,1038,0,Richard III,1602
239,244,155,1 Henry IV,1622
226,232,145,1 Henry IV,1613
315,359,240,Henry V,1619
1277,1041,0,Richard III,1605
1281,1045,739,Richard III,1605
1333,1095,785,Richard III,1634
301,334,218,2 Henry IV,1600
223,238,151,1 Henry IV,1613
291,335,220,2 Henry IV,1600
1270,1031,728,Richard III,1598
50,10,9,Hamlet,1611
307,345,228,Henry V,1600
501,527,347,King Lear,1619
1272,1035,734,Richard III,1602
507,509,331,King Lear,1619
92,49,0,Hamlet,1637
488,513,335,King Lear,1619
75,32,27,Hamlet,1625
517,533,0,King Lear,1619
65,37,33,Hamlet,1625
74,45,0,Hamlet,1625
666,629,439,The Merchant of Venice,1619
480,496,321,King Lear,1608
468,484,0,Julius Caesar,1695
534,541,0,King Lear,1655
414,418,306,Julius Caesar,1691
943,895,0,Othello,1687
132,106,0,Hamlet,1683
426,443,0,Julius Caesar,1691
411,432,320,Julius Caesar,1691
420,445,0,Julius Caesar,1691
124,98,71,Hamlet,1683
178,143,0,Hamlet,1695
612,597,406,Macbeth,1673
616,601,0,Macbeth,1673
619,596,405,Macbeth,1673
611,595,404,Macbeth,1673
168,135,0,Hamlet,1695
529,550,372,King Lear,1655
186,150,0,Hamlet,1695
450,495,0,Julius Caesar,1695
466,480,0,Julius Caesar,1695
520,540,359,King Lear,1655
143,113,82,Hamlet,1683
106,83,64,Hamlet,1676
876,856,614,Othello,1655
389,412,0,Julius Caesar,1684
941,900,0,Othello,1687
910,884,0,Othello,1681
162,130,86,Hamlet,1683
147,116,84,Hamlet,1683
899,875,629,Othello,1681
873,849,0,Othello,1655
893,850,612,Othello,1655
471,473,0,Julius Caesar,1695
977,936,656,Othello,1695
945,904,644,Othello,1687
382,406,0,Julius Caesar,1684
242,257,167,1 Henry IV,1632
276,273,0,1 Henry IV,1639
253,268,0,1 Henry IV,1632
155,126,0,Hamlet,1683
1303,1058,750,Richard III,1622
244,267,175,1 Henry IV,1632
105,97,70,Hamlet,1683
84,61,49,Hamlet,1637
170,138,103,Hamlet,1695
183,147,0,Hamlet,1695
182,148,0,Hamlet,1695
193,209,124,1 Henry IV,1598
197,219,135,1 Henry IV,1599
79,77,60,Hamlet,1637
69,38,0,Hamlet,1625
528,549,367,King Lear,1655
130,103,78,Hamlet,1683
234,251,162,1 Henry IV,1622
87,63,51,Hamlet,1637
129,105,77,Hamlet,1683
153,122,0,Hamlet,1683
205,223,137,1 Henry IV,1604
219,242,154,1 Henry IV,1613
232,256,166,1 Henry IV,1622
258,295,194,1 Henry IV,1639
214,227,140,1 Henry IV,1608
238,247,158,1 Henry IV,1622
1339,1083,770,Richard III,1634
264,280,0,1 Henry IV,1639
262,277,0,1 Henry IV,1639
282,333,217,2 Henry IV,1600
304,350,233,Henry V,1600
673,671,466,The Merchant of Venice,1637
271,274,181,1 Henry IV,1639
437,460,281,Julius Caesar,1695
431,453,276,Julius Caesar,1695
317,379,258,Henry V,1619
435,459,301,Julius Caesar,1695
283,327,0,2 Henry IV,1600
1317,1065,756,Richard III,1629
429,448,0,Julius Caesar,1691
503,515,358,King Lear,1619
1244,1015,717,Richard II,1634
568,567,381,Love's Labors Lost,1598
489,538,355,King Lear,1619
826,814,584,Othello,1622
584,594,401,Love's Labors Lost,1631
523,555,371,King Lear,1655
506,514,345,King Lear,1619
1250,1000,705,Richard II,1634
614,599,408,Macbeth,1673
645,649,447,The Merchant of Venice,1619
671,656,453,The Merchant of Venice,1637
1340,1084,0,Richard III,1634
709,694,486,The Merry Wives of Windsor,1602
719,726,511,The Merry Wives of Windsor,1619
685,658,455,The Merchant of Venice,1637
509,529,348,King Lear,1619
680,662,460,The Merchant of Venice,1637
806,780,559,Much Ado About Nothing,1600
760,733,519,The Merry Wives of Windsor,1630
776,778,555,A Midsummer Night's Dream,1619
510,530,349,King Lear,1619
900,876,630,Othello,1681
927,891,640,Othello,1687
954,914,649,Othello,1695
858,835,597,Othello,1630
860,822,591,Othello,1630
882,863,619,Othello,1655
908,882,0,Othello,1681
903,879,0,Othello,1681
962,927,0,Othello,1695
878,873,626,Othello,1655
968,919,651,Othello,1695
859,843,0,Othello,1630
343,381,0,Henry V,1619
352,363,244,Henry V,1619
342,382,259,Henry V,1619
595,591,0,Love's Labors Lost,1631
832,813,0,Othello,1622
1239,1009,713,Richard II,1634
1320,1068,760,Richard III,1629
1397,1160,0,Romeo and Juliet,1637
133,108,0,Hamlet,1683
912,889,636,Othello,1681
1330,1092,778,Richard III,1634
800,770,549,A Midsummer Night's Dream,1619
848,823,0,Othello,1630
636,609,0,The Merchant of Venice,1600
1328,1099,0,Richard III,1634
879,871,0,Othello,1655
108,94,0,Hamlet,1676
1530,1202,0,Titus Andronicus,1611
720,703,0,The Merry Wives of Windsor,1619
819,783,570,Much Ado About Nothing,1600
1355,1114,800,Romeo and Juliet,1599
1495,1171,0,The Taming of a/the Shrew,1631
99,56,44,Hamlet,1637
741,716,0,The Merry Wives of Windsor,1619
921,887,633,Othello,1681
339,361,0,Henry V,1619
410,428,0,Julius Caesar,1691
407,426,0,Julius Caesar,1691
658,630,437,The Merchant of Venice,1619
1248,1005,711,Richard II,1634
1342,1090,776,Richard III,1634
772,749,0,A Midsummer Night's Dream,1619
484,508,0,King Lear,1619
688,653,0,The Merchant of Venice,1637
875,855,615,Othello,1655
408,430,312,Julius Caesar,1691
713,693,0,The Merry Wives of Windsor,1602
884,864,0,Othello,1655
1254,1008,712,Richard II,1634
1540,1206,0,Titus Andronicus,1611
1401,1142,0,Romeo and Juliet,1637
227,243,0,1 Henry IV,1613
482,507,0,King Lear,1608
740,720,504,The Merry Wives of Windsor,1619
574,562,382,Love's Labors Lost,1598
1359,1118,0,Romeo and Juliet,1599
798,777,554,A Midsummer Night's Dream,1619
519,517,338,King Lear,1619
889,869,624,Othello,1655
159,131,0,Hamlet,1683
114,96,0,Hamlet,1676
1479,1187,857,The Taming of a/the Shrew,1631
981,938,0,Othello,1695
578,558,379,Love's Labors Lost,1598
862,820,600,Othello,1630
890,858,0,Othello,1655
904,880,632,Othello,1681
522,543,362,King Lear,1655
909,883,638,Othello,1681
922,888,0,Othello,1681
929,893,0,Othello,1687
925,890,639,Othello,1687
1233,998,0,Richard II,1615
163,132,92,Hamlet,1683
312,354,0,Henry V,1619
928,892,641,Othello,1687
966,928,653,Othello,1695
661,622,0,The Merchant of Venice,1619
940,899,645,Othello,1687
694,673,468,The Merchant of Venice,1652
942,905,643,Othello,1687
527,547,366,King Lear,1655
944,907,0,Othello,1687
530,551,361,King Lear,1655
662,650,449,The Merchant of Venice,1619
533,552,370,King Lear,1655
960,926,0,Othello,1695
965,930,658,Othello,1695
967,931,654,Othello,1695
309,353,235,Henry V,1602
837,800,0,Othello,1622
973,940,0,Othello,1695
974,935,0,Othello,1695
1538,1195,873,Titus Andronicus,1611
579,556,373,Love's Labors Lost,1598
842,817,588,Othello,1630
51,14,0,Hamlet,1611
672,657,454,The Merchant of Venice,1637
594,586,396,Love's Labors Lost,1631
156,120,90,Hamlet,1683
53,15,12,Hamlet,1611
172,139,97,Hamlet,1695
154,125,91,Hamlet,1683
117,82,63,Hamlet,1676
40,26,21,Hamlet,1611
60,47,36,Hamlet,1625
179,144,0,Hamlet,1695
601,588,397,Love's Labors Lost,1631
175,142,0,Hamlet,1695
45,21,22,Hamlet,1611
1318,1081,0,Richard III,1629
603,573,400,Love's Labors Lost,1631
615,600,410,Macbeth,1673
47,22,19,Hamlet,1611
605,593,0,Love's Labors Lost,1631
1552,1220,883,Troilus and Cressida,1609
34,7,7,Hamlet,1605
617,603,0,Macbeth,1673
48,25,0,Hamlet,1611
683,667,463,The Merchant of Venice,1637
91,70,57,Hamlet,1637
111,86,69,Hamlet,1676
144,124,85,Hamlet,1683
1556,1214,881,Troilus and Cressida,1609
120,100,74,Hamlet,1676
165,133,93,Hamlet,1695
230,245,156,1 Henry IV,1622
104,81,62,Hamlet,1676
115,95,0,Hamlet,1676
88,65,61,Hamlet,1637
220,241,0,1 Henry IV,1613
462,481,294,Julius Caesar,1695
477,502,330,King Lear,1608
729,715,513,The Merry Wives of Windsor,1619
392,398,271,Julius Caesar,1684
406,429,0,Julius Caesar,1691
452,467,0,Julius Caesar,1695
335,389,0,Henry V,1619
525,546,365,King Lear,1655
626,621,426,The Merchant of Venice,1600
939,897,642,Othello,1687
959,925,0,Othello,1695
121,89,0,Hamlet,1676
730,718,503,The Merry Wives of Windsor,1619
843,818,589,Othello,1630
836,809,0,Othello,1622
804,758,541,A Midsummer Night's Dream,1619
676,661,459,The Merchant of Venice,1637
695,686,480,The Merchant of Venice,1652
964,924,0,Othello,1695
698,679,474,The Merchant of Venice,1652
1308,1072,0,Richard III,1629
1485,1178,851,The Taming of a/the Shrew,1631
732,704,493,The Merry Wives of Windsor,1619
58,30,25,Hamlet,1625
699,680,475,The Merchant of Venice,1652
693,674,469,The Merchant of Venice,1652
481,497,322,King Lear,1608
536,553,368,King Lear,1655
64,36,37,Hamlet,1625
67,41,34,Hamlet,1625
1313,1075,768,Richard III,1629
823,797,574,Othello,1622
633,610,417,The Merchant of Venice,1600
61,33,30,Hamlet,1625
700,678,473,The Merchant of Venice,1652
68,28,23,Hamlet,1625
634,619,425,The Merchant of Venice,1600
93,50,38,Hamlet,1637
146,115,83,Hamlet,1683
77,52,40,Hamlet,1637
184,149,101,Hamlet,1695
874,854,613,Othello,1655
846,847,606,Othello,1630
201,216,134,1 Henry IV,1599
203,210,125,1 Henry IV,1599
185,151,100,Hamlet,1695
192,207,122,1 Henry IV,1598
208,220,136,1 Henry IV,1604
212,230,144,1 Henry IV,1608
215,226,143,1 Henry IV,1608
1493,1165,838,The Taming of a/the Shrew,1631
236,253,164,1 Henry IV,1622
216,224,138,1 Henry IV,1608
207,221,129,1 Henry IV,1604
224,239,152,1 Henry IV,1613
218,233,146,1 Henry IV,1613
225,240,153,1 Henry IV,1613
313,355,236,Henry V,1619
228,239,0,1 Henry IV,1613
243,258,168,1 Henry IV,1632
251,265,176,1 Henry IV,1632
704,684,477,The Merchant of Venice,1652
287,326,227,2 Henry IV,1600
237,255,165,1 Henry IV,1622
635,604,411,The Merchant of Venice,1600
705,683,476,The Merchant of Venice,1652
403.5,447,319,Julius Caesar,1691
1476,1169,842,The Taming of a/the Shrew,1631
1490,1173,845,The Taming of a/the Shrew,1631
1489,1182,854,The Taming of a/the Shrew,1631
1488,1181,858,The Taming of a/the Shrew,1631
268,283,195,1 Henry IV,1639
269,285,191,1 Henry IV,1639
640,623,0,The Merchant of Venice,1619
274,270,178,1 Henry IV,1639
289,324,211,2 Henry IV,1600
1498,1175,847,The Taming of a/the Shrew,1631
387.6,411,0,Julius Caesar,1684
296,340,226,2 Henry IV,1600
281,325,212,2 Henry IV,1600
788,768,546,A Midsummer Night's Dream,1619
746,702,507,The Merry Wives of Windsor,1619
770,741,525,A Midsummer Night's Dream,1600
761,739,523,The Merry Wives of Windsor,1630
284,328,213,2 Henry IV,1600
297,343,219,2 Henry IV,1600
792,755,548,A Midsummer Night's Dream,1619
794,750,533,A Midsummer Night's Dream,1619
764,742,526,A Midsummer Night's Dream,1600
765,743,528,A Midsummer Night's Dream,1600
774,753,536,A Midsummer Night's Dream,1619
711,692,484,The Merry Wives of Windsor,1602
708,690,483,The Merry Wives of Windsor,1602
646,639,0,The Merchant of Venice,1619
853,831,596,Othello,1630
1273,1037,736,Richard III,1602
856,833,609,Othello,1630
976,934,655,Othello,1695
808,782,562,Much Ado About Nothing,1600
338,384,261,Henry V,1619
828,805,580,Othello,1622
353,365,247,Henry V,1619
766,748,532,A Midsummer Night's Dream,1600
809,795,571,Much Ado About Nothing,1600
753,731,516,The Merry Wives of Windsor,1630
795,771,550,A Midsummer Night's Dream,1619
812,788,567,Much Ado About Nothing,1600
49,9,8,Hamlet,1611
381,405,273,Julius Caesar,1684
402,421,309,Julius Caesar,1691
412,434,0,Julius Caesar,1691
463,482,0,Julius Caesar,1695
458,476,287,Julius Caesar,1695
373,395,0,Julius Caesar,1684
413,438,0,Julius Caesar,1691
448,457,279,Julius Caesar,1695
375,397,267,Julius Caesar,1684
453,469,284,Julius Caesar,1695
397,414,274,Julius Caesar,1684
467,485,289,Julius Caesar,1695
419,444,0,Julius Caesar,1691
769,747,527,A Midsummer Night's Dream,1600
390,486,290,Julius Caesar,1695
451,468,303,Julius Caesar,1695
464,487,291,Julius Caesar,1695
796,769,0,A Midsummer Night's Dream,1619
657,643,443,The Merchant of Venice,1619
473,498,323,King Lear,1608
486,511,333,King Lear,1619
485,510,332,King Lear,1619
474,506,329,King Lear,1608
880,860,617,Othello,1655
885,865,627,Othello,1655
1208,967,675,Richard II,1598
872,826,594,Othello,1630
851,828,595,Othello,1630
896,857,625,Othello,1655
1215,981,686,Richard II,1608
1220,983,688,Richard II,1608
1221,987,693,Richard II,1615
1218,978,685,Richard II,1608
1229,994,700,Richard II,1615
1232,986,692,Richard II,1615
1236,1003,707,Richard II,1634
1245,1018,719,Richard II,1634
1543,1207,876,Troilus and Cressida,1609
1282,1042,0,Richard III,1605
1322,1082,769,Richard III,1634
1241,1011,715,Richard II,1634
1554,1211,879,Troilus and Cressida,1609
1285,1057,748,Richard III,1612
1539,1191,862,Titus Andronicus,1611
1542,1197,867,Titus Andronicus,1611
1263,1022,722,Richard III,1597
1260,1023,723,Richard III,1597
1271,1028,727,Richard III,1598
1267,1034,733,Richard III,1598
1265,1030,730,Richard III,1598
1283,1039,737,Richard III,1605
1289,1051,749,Richard III,1612
1293,1053,747,Richard III,1612
1214,984,691,Richard II,1608
1284,1041,742,Richard III,1612
1291,1047,743,Richard III,1612
1316,1078,766,Richard III,1629
1294,1054,747,Richard III,1612
1295,1046,741,Richard III,1612
1297,1060,752,Richard III,1622
1323,1086,772,Richard III,1634
1302,1063,754,Richard III,1622
1314,1077,759,Richard III,1629
1334,1097,782,Richard III,1634
1337,1098,783,Richard III,1634
1344,1102,787,Romeo and Juliet,1597
1348,1101,786,Romeo and Juliet,1597
1356,1115,791,Romeo and Juliet,1599
1219,983,689,Richard II,1608
1345,1105,789,Romeo and Juliet,1597
1349,1107,792,Romeo and Juliet,1599
1360,1116,799,Romeo and Juliet,1599
1367,1119,801,Romeo and Juliet,1609
1371,1128,809,Romeo and Juliet,1623
1369,1126,807,Romeo and Juliet,1623
1383,1140,820,Romeo and Juliet,1637
1400,1157,832,Romeo and Juliet,1637
1406,1162,837,Romeo and Juliet,1637
1405,1161,834,Romeo and Juliet,1637
1393,1150,830,Romeo and Juliet,1637
841,816,587,Othello,1630
430,452,0,Julius Caesar,1695
401.5,420,308,Julius Caesar,1691
839,802,577,Othello,1622
459,477,288,Julius Caesar,1695
344,383,260,Henry V,1619
98,66,0,Hamlet,1637
94,69,56,Hamlet,1637
895,868,623,Othello,1655
277,284,0,1 Henry IV,1639
697,677,472,The Merchant of Venice,1652
881,861,618,Othello,1655
675,660,457,The Merchant of Venice,1637
1388,1146,825,Romeo and Juliet,1637
586,577,391,Love's Labors Lost,1631
1549,1216,882,Troilus and Cressida,1609
779,759,542,A Midsummer Night's Dream,1619
492,518,339,King Lear,1619
1483,1176,848,The Taming of a/the Shrew,1631
82,59,47,Hamlet,1637
324,366,248,Henry V,1619
696,676,471,The Merchant of Venice,1652
982.5,917,0,Othello,1695
1350,1108,793,Romeo and Juliet,1599
524,545,364,King Lear,1655
387.7,409,0,Julius Caesar,1684
1403.5,1156,831,Romeo and Juliet,1637
1243,1012,721,Richard II,1634
892,852,610,Othello,1655
455,0,292,Julius Caesar,1695
913,878,0,Othello,1681
969,912,647,Othello,1695
442,465,0,Julius Caesar,1695
891,851,0,Othello,1655
599,568,383,Love's Labors Lost,1631
377,401,269,Julius Caesar,1684
43,18,15,Hamlet,1611
37,11,10,Hamlet,1611
76,51,39,Hamlet,1637
198,214,131,1 Henry IV,1599
256,271,179,1 Henry IV,1639
210,228,0,1 Henry IV,1608
221,236,150,1 Henry IV,1613
249,263,173,1 Henry IV,1632
86,64,52,Hamlet,1637
261,278,184,1 Henry IV,1639
310,351,0,Henry V,1602
374,396,266,Julius Caesar,1684
326,367,249,Henry V,1619
330,373,252,Henry V,1619
263,279,185,1 Henry IV,1639
81,58,46,Hamlet,1637
521,542,360,King Lear,1655
475,500,0,King Lear,1608
493,522,342,King Lear,1619
588,580,399,Love's Labors Lost,1631
245,259,170,1 Henry IV,1632
581,570,384,Love's Labors Lost,1631
622,605,412,The Merchant of Venice,1600
627,613,422,The Merchant of Venice,1600
495,523,343,King Lear,1619
679,664,461,The Merchant of Venice,1637
670,655,452,The Merchant of Venice,1637
748,722,508,The Merry Wives of Windsor,1619
726,713,500,The Merry Wives of Windsor,1619
723,711,499,The Merry Wives of Windsor,1619
781,761,543,A Midsummer Night's Dream,1619
782,763,544,A Midsummer Night's Dream,1619
786,765,557,A Midsummer Night's Dream,1619
852,829,0,Othello,1630
323,364,246,Henry V,1619
1204,970,679,Richard II,1598
1205,971,680,Richard II,1598
1226,992,699,Richard II,1615
1324,1085,771,Richard III,1634
1310,1073,764,Richard III,1629
1352,1111,796,Romeo and Juliet,1599
1307,1071,762,Richard III,1629
1332,1094,779,Richard III,1634
1474,1168,841,The Taming of a/the Shrew,1631
1541,1203,872,Titus Andronicus,1611
209,225,139,1 Henry IV,1608
38,12,11,Hamlet,1611
39,13,11,Hamlet,1611
57,31,26,Hamlet,1625
217,234,147,1 Henry IV,1613
303,346,229,Henry V,1600
472,499,324,King Lear,1608
567,557,375,Love's Labors Lost,1598
1304,1066,757,Richard III,1629
1326,1088,774,Richard III,1634
583,572,386,Love's Labors Lost,1631
825,799,576,Othello,1622
824,798,575,Othello,1622
1202,969,678,Richard II,1598
1222,988,694,Richard II,1615
1266,1029,729,Richard III,1598
1278,1040,738,Richard III,1605
1235,1004,708,Richard II,1634
1298,1061,753,Richard III,1622
1547,1212,880,Troilus and Cressida,1609
518,534,354,King Lear,1619
1246,1007,710,Richard II,1634
1257,1006,0,Richard II,1634
596,574,387,Love's Labors Lost,1631
1336,1089,775,Richard III,1634
89,67,53,Hamlet,1637
575,563,374,Love's Labors Lost,1598
1546,1208,877,Troilus and Cressida,1609
204,213,130,1 Henry IV,1599
789,775,0,A Midsummer Night's Dream,1619
1252,1019,0,Richard II,1634
577,566,0,Love's Labors Lost,1598
383,0,272,Julius Caesar,1684
1545,1210,0,Troilus and Cressida,1609
1357,1117,0,Romeo and Juliet,1599
684,669,0,The Merchant of Venice,1637
1536,1204,0,Titus Andronicus,1611
300,331,0,2 Henry IV,1600
887,872,0,Othello,1655
441,451,0,Julius Caesar,1695
479,504,328,King Lear,1608
470,488,295,Julius Caesar,1695
425.5,446,0,Julius Caesar,1691
714,696,0,The Merry Wives of Windsor,1619
131,84,66,Hamlet,1683
518.5,528,336,King Lear,1619
602.5,587,388,Love's Labors Lost,1631
606.5,592,0,Love's Labors Lost,1631
866.5,834,0,Othello,1630
275.5,290,0,1 Henry IV,1639
433,463,0,Julius Caesar,1695
469,483,0,Julius Caesar,1695
347,360,0,Henry V,1619
932.5,894,0,Othello,1687
490,0,346,King Lear,1619
89.5,48,0,Hamlet,1637
901,877,0,Othello,1681
229,235,148,1 Henry IV,1613
1242,1014,716,Richard II,1634
200,217,132,1 Henry IV,1599
637,620,424,The Merchant of Venice,1600
914,885,635,Othello,1681
855,832,0,Othello,1630
1255,1013,0,Richard II,1634
952,910,646,Othello,1695
320,377,0,Henry V,1619
181,145,0,Hamlet,1695
957,916,0,Othello,1695
1259,1021,0,Richard II,1634
689,672,0,The Merchant of Venice,1637
385,400,300,Julius Caesar,1684
491,516,337,King Lear,1619
95,75,0,Hamlet,1637
1534,0,869,Titus Andronicus,1611
653,641,448,The Merchant of Venice,1619
267,282,189,1 Henry IV,1639
332,375,265,Henry V,1619
499,525,357,King Lear,1619
787,766,556,A Midsummer Night's Dream,1619
128,102,72,Hamlet,1683
335.9,392,0,Henry V,1619
1386,1154,0,Romeo and Juliet,1637
953,913,648,Othello,1695
112,88,0,Hamlet,1676
438,462,0,Julius Caesar,1695
454,470,282,Julius Caesar,1695
293,344,0,2 Henry IV,1600
384,399,299,Julius Caesar,1684
391,407,268,Julius Caesar,1684
1290,1052,746,Richard III,1612
706,685,479,The Merchant of Venice,1652
1210,976,0,Richard II,1598
417.5,439,0,Julius Caesar,1691
173,136,102,Hamlet,1695
134,101,76,Hamlet,1683
531,544,363,King Lear,1655
434,456,278,Julius Caesar,1695
703,675,470,The Merchant of Venice,1652
888,859,616,Othello,1655
424,440,318,Julius Caesar,1691
916,886,637,Othello,1681
845,827,0,Othello,1630
1217,980,0,Richard II,1608
139,107,75,Hamlet,1683
715,697,0,The Merry Wives of Windsor,1619
844,837,599,Othello,1630
149,118,0,Hamlet,1683
405,422,0,Julius Caesar,1691
802,767,0,A Midsummer Night's Dream,1619
515,526,0,King Lear,1619
78,53,41,Hamlet,1637
1478.5,1172,844,The Taming of a/the Shrew,1631
1384,1141,821,Romeo and Juliet,1637
1557,1215,0,Troilus and Cressida,1609
149.5,119,0,Hamlet,1683
1253,1017,709,Richard II,1634
449,466,0,Julius Caesar,1695
1392,1151,828,Romeo and Juliet,1637
432,478,0,Julius Caesar,1695
1368,1125,0,Romeo and Juliet,1609
621,598,407,Macbeth,1673
870,824,592,Othello,1630
100,57,45,Hamlet,1637
638,611,418,The Merchant of Venice,1600
456.5,474,293,Julius Caesar,1695
59,39,0,Hamlet,1625
1312,1076,765,Richard III,1629
600,569,0,Love's Labors Lost,1631
497,520,351,King Lear,1619
931,906,0,Othello,1687
119,90,80,Hamlet,1676
110,87,73,Hamlet,1676
401,419,307,Julius Caesar,1691
399,408,0,Julius Caesar,1684
459.5,479,0,Julius Caesar,1695
125,99,0,Hamlet,1683
378,403,0,Julius Caesar,1684
240,248,159,1 Henry IV,1622
937,896,0,Othello,1687
1201,968,676,Richard II,1598
773,751,534,A Midsummer Night's Dream,1619
1203,974,682,Richard II,1598
1200,965,0,Richard II,1597
337,387,0,Henry V,1619
938,898,0,Othello,1687
1487,1180,852,The Taming of a/the Shrew,1631
1292,1056,0,Richard III,1612
597,590,0,Love's Labors Lost,1631
66,44,0,Hamlet,1625
252,266,0,1 Henry IV,1632
606,575,389,Love's Labors Lost,1631
894,853,611,Othello,1655
409,427,313,Julius Caesar,1691
1548,1222,884,Troilus and Cressida,1609
1363,1124,806,Romeo and Juliet,1609
241,254,0,1 Henry IV,1622
295,339,0,2 Henry IV,1600
206,222,0,1 Henry IV,1604
259,275,182,1 Henry IV,1639
1209,975,683,Richard II,1598
1261,1025,725,Richard III,1597
1529,1205,874,Titus Andronicus,1611
629,615,420,The Merchant of Venice,1600
1279,1043,740,Richard III,1605
1199,964,673,Richard II,1597
1550,1218,883,Troilus and Cressida,1609
233,249,160,1 Henry IV,1622
1262,1026,726,Richard III,1597
222,237,149,1 Henry IV,1613
649,635,436,The Merchant of Venice,1619
329,370,257,Henry V,1619
650,636,435,The Merchant of Venice,1619
725,712,501,The Merry Wives of Windsor,1619
722,707,497,The Merry Wives of Windsor,1619
829,806,581,Othello,1622
1309,1070,763,Richard III,1629
248,261,172,1 Henry IV,1632
379,404,0,Julius Caesar,1684
1311,1074,0,Richard III,1629
757,735,521,The Merry Wives of Windsor,1630
380,402,270,Julius Caesar,1684
589,581,0,Love's Labors Lost,1631
1484,1177,849,The Taming of a/the Shrew,1631
1486,1179,850,The Taming of a/the Shrew,1631
250,264,174,1 Henry IV,1632
1331,1093,780,Richard III,1634
83,60,50,Hamlet,1637
526,548,369,King Lear,1655
883,862,620,Othello,1655
266,281,186,1 Henry IV,1639
109,85,79,Hamlet,1676
152,123,0,Hamlet,1683
906,881,0,Othello,1681
436,458,302,Julius Caesar,1695
180,146,0,Hamlet,1695
963,922,650,Othello,1695
961,923,0,Othello,1695
400,417,305,Julius Caesar,1691
1223,997,703,Richard II,1615
1375,1136,815,Romeo and Juliet,1623
1305,1080,767,Richard III,1629
755,740,524,The Merry Wives of Windsor,1630
1327,1100,784,Richard III,1634
28,1,1,Hamlet,1603
331,371,0,Henry V,1619
90,54,42,Hamlet,1637
513,536,353,King Lear,1619
790,756,538,A Midsummer Night's Dream,1619
620,602,409,Macbeth,1673
511,539,356,King Lear,1619
487,512,334,King Lear,1619
623,606,414,The Merchant of Venice,1600
644,627,430,The Merchant of Venice,1619
1296,1055,745,Richard III,1612
319,391,264,Henry V,1619
731,723,0,The Merry Wives of Windsor,1619
231,246,157,1 Henry IV,1622
270,293,0,1 Henry IV,1639
346,380,243,Henry V,1619
496,519,340,King Lear,1619
265,252,163,1 Henry IV,1639
314,357,238,Henry V,1619
316,358,239,Henry V,1619
336,362,242,Henry V,1619
341,356,237,Henry V,1619
656,646,0,The Merchant of Venice,1619
642,626,429,The Merchant of Venice,1619
327,372,250,Henry V,1619
716,699,489,The Merry Wives of Windsor,1619
775,752,535,A Midsummer Night's Dream,1619
871,841,0,Othello,1630
785,760,0,A Midsummer Night's Dream,1619
278,288,187,1 Henry IV,1639
897,870,0,Othello,1655
978,937,652,Othello,1695
279,289,188,1 Henry IV,1639
1319,1079,0,Richard III,1629
72,43,32,Hamlet,1625
1497,1185,853,The Taming of a/the Shrew,1631
955,915,650,Othello,1695
914.3,874,0,Othello,1681
1382,1139,819,Romeo and Juliet,1637
33,6,6,Hamlet,1605
1526,1192,863,Titus Andronicus,1611
734,721,505,The Merry Wives of Windsor,1619
1385,1163,835,Romeo and Juliet,1637
1396,1155,830,Romeo and Juliet,1637
1395,1153,836,Romeo and Juliet,1637
1408,1145,824,Romeo and Juliet,1637
1403,1164,0,Romeo and Juliet,1637
625,607,416,The Merchant of Venice,1600
631,617,413,The Merchant of Venice,1600
639,612,419,The Merchant of Venice,1600
747,728,0,The Merry Wives of Windsor,1619
754,732,518,The Merry Wives of Windsor,1630
624,608,415,The Merchant of Venice,1600
742,724,509,The Merry Wives of Windsor,1619
1389,1149,0,Romeo and Juliet,1637
759,737,517,The Merry Wives of Windsor,1630
763,738,522,The Merry Wives of Windsor,1630
712,689,482,The Merry Wives of Windsor,1602
745,719,512,The Merry Wives of Windsor,1619
739,698,488,The Merry Wives of Windsor,1619
749,705,495,The Merry Wives of Windsor,1619
752,706,496,The Merry Wives of Windsor,1619
718,701,491,The Merry Wives of Windsor,1619
1528,1194,865,Titus Andronicus,1611
1533,1200,875,Titus Andronicus,1611
1535,1201,871,Titus Andronicus,1611
1537,1196,866,Titus Andronicus,1611
1381,1137,817,Romeo and Juliet,1637
667,645,0,The Merchant of Venice,1619
664,648,446,The Merchant of Venice,1619
669,632,433,The Merchant of Venice,1619
1525,1190,860,Titus Andronicus,1600
593,584,402,Love's Labors Lost,1631
647,631,432,The Merchant of Venice,1619
1524,1189,861,Titus Andronicus,1600
655,640,440,The Merchant of Venice,1619
648,633,434,The Merchant of Venice,1619
1377,1134,816,Romeo and Juliet,1623
813,789,572,Much Ado About Nothing,1600
1378,1135,814,Romeo and Juliet,1623
659,625,428,The Merchant of Venice,1619
1391,1148,827,Romeo and Juliet,1637
1373,1131,811,Romeo and Juliet,1623
690,670,465,The Merchant of Venice,1637
604,585,0,Love's Labors Lost,1631
686,668,464,The Merchant of Venice,1637
807,781,561,Much Ado About Nothing,1600
1347,1104,788,Romeo and Juliet,1597
682,687,467,The Merchant of Venice,1637
817,779,558,Much Ado About Nothing,1600
835,796,573,Othello,1622
840,804,579,Othello,1622
821,785,564,Much Ado About Nothing,1600
582,571,385,Love's Labors Lost,1631
827,803,578,Othello,1622
830,807,585,Othello,1622
868,848,608,Othello,1630
864,815,586,Othello,1630
857,836,598,Othello,1630
1364,1121,803,Romeo and Juliet,1609
598,589,398,Love's Labors Lost,1631
387.1,393,0,Julius Caesar,1684
576,564,380,Love's Labors Lost,1598
176,140,95,Hamlet,1695
1268,1032,731,Richard III,1598
35,8,0,Hamlet,1605
660,642,442,The Merchant of Venice,1619
834,810,583,Othello,1622
822,787,566,Much Ado About Nothing,1600
743,725,510,The Merry Wives of Windsor,1619
643,628,431,The Merchant of Venice,1619
1362,1120,802,Romeo and Juliet,1609
1399,1158,0,Romeo and Juliet,1637
833,811,0,Othello,1622
814,791,568,Much Ado About Nothing,1600
803,774,537,A Midsummer Night's Dream,1619
1306,1069,761,Richard III,1629
632,618,423,The Merchant of Venice,1600
1494,1183,885,The Taming of a/the Shrew,1631
275,286,192,1 Henry IV,1639
865,838,601,Othello,1630
52,24,17,Hamlet,1611
1544,1209,878,Troilus and Cressida,1609
1329,1091,777,Richard III,1634
789.5,776,539,A Midsummer Night's Dream,1619
836.5,801,0,Othello,1622
246,260,169,1 Henry IV,1632
662.5,652,0,The Merchant of Venice,1619
1478,1182,0,The Taming of a/the Shrew,1631
783,764,545,A Midsummer Night's Dream,1619
1301,1062,0,Richard III,1622
591,582,394,Love's Labors Lost,1631
681,666,0,The Merchant of Venice,1637
96.5,68,55,Hamlet,1637
1287,1049,0,Richard III,1612
750,729,514,The Merry Wives of Windsor,1619
1225,991,698,Richard II,1615
73,46,0,Hamlet,1625
97,76,0,Hamlet,1637
859.5,845,0,Othello,1630
311,352,234,Henry V,1602
157,114,0,Hamlet,1683
1275,1036,735,Richard III,1602
161,117,89,Hamlet,1683
213,231,142,1 Henry IV,1608
166,134,94,Hamlet,1695
854,830,0,Othello,1630
169,154,0,Hamlet,1695
247,262,171,1 Henry IV,1632
290,330,214,2 Henry IV,1600
735,0,502,The Merry Wives of Windsor,1619
580,565,0,Love's Labors Lost,1598
1335,1096,781,Richard III,1634
869,844,605,Othello,1630
1390,1147,829,Romeo and Juliet,1637
177,141,96,Hamlet,1695
1496,1186,0,The Taming of a/the Shrew,1631
288,332,0,2 Henry IV,1600
641,624,0,The Merchant of Venice,1619
298,342,224,2 Henry IV,1600
1264,1024,724,Richard III,1597
1354,1113,797,Romeo and Juliet,1599
171,152,0,Hamlet,1695
728,714,0,The Merry Wives of Windsor,1619
119.05,92,68,Hamlet,1676
395,470,0,Julius Caesar,1695
1286,1048,744,Richard III,1612
1475,1167,840,The Taming of a/the Shrew,1631
850,825,593,Othello,1630
1482,1174,846,The Taming of a/the Shrew,1631
692,688,462,The Merchant of Venice,1637
701,681,481,The Merchant of Venice,1652
425,442,314,Julius Caesar,1691
483,505,0,King Lear,1608
334,378,256,Henry V,1619
702,682,478,The Merchant of Venice,1652
737,727,492,The Merry Wives of Windsor,1619
191,206,121,1 Henry IV,1598
767,745,530,A Midsummer Night's Dream,1600
306,349,231,Henry V,1600
573,583,393,Love's Labors Lost,1598
292,336,221,2 Henry IV,1600
334.5,374,0,Henry V,1619
886,867,0,Othello,1655
31,5,5,Hamlet,1604
863,821,590,Othello,1630
655.5,638,0,The Merchant of Venice,1619
678,665,0,The Merchant of Venice,1637
1280,1044,0,Richard III,1605
194,208,123,1 Henry IV,1598
1380,1132,812,Romeo and Juliet,1623
299,341,223,2 Henry IV,1600
1351,1110,798,Romeo and Juliet,1599
1213,979,0,Richard II,1608
768,746,531,A Midsummer Night's Dream,1600
478,503,327,King Lear,1608
1216,982,687,Richard II,1608
1365,1123,805,Romeo and Juliet,1609
898,866,622,Othello,1655
1228,999,701,Richard II,1615
1532,1199,870,Titus Andronicus,1611
801,754,547,A Midsummer Night's Dream,1619
831,808,582,Othello,1622
257,272,180,1 Henry IV,1639
1212,985,690,Richard II,1608
285,329,215,2 Henry IV,1600
273,294,0,1 Henry IV,1639
654,651,450,The Merchant of Venice,1619
71,42,31,Hamlet,1625
94.5,72,0,Hamlet,1637
651,637,444,The Merchant of Venice,1619
784,762,553,A Midsummer Night's Dream,1619
302,337,222,2 Henry IV,1600
1558,1208,877,Troilus and Cressida,1609
70,40,35,Hamlet,1625
388,394,0,Julius Caesar,1684
101,55,43,Hamlet,1637
46,23,20,Hamlet,1611
810,790,569,Much Ado About Nothing,1600
321,390,263,Henry V,1619
350,386,255,Henry V,1619
867,819,604,Othello,1630
62,35,29,Hamlet,1625
1269,1033,732,Richard III,1598
1206,973,681,Richard II,1598
777,772,551,A Midsummer Night's Dream,1619
1361,1109,794,Romeo and Juliet,1599
308,347,230,Henry V,1600
771,744,529,A Midsummer Night's Dream,1600
54,17,14,Hamlet,1611
29,2,2,Hamlet,1603
56,29,24,Hamlet,1625
512,537,0,King Lear,1619
351,388,241,Henry V,1619
1256,1002,706,Richard II,1634
349,385,254,Henry V,1619
96,74,54,Hamlet,1637
335.5,376,0,Henry V,1619
55,27,0,Hamlet,1611
838,812,0,Othello,1622
1234,996,695,Richard II,1615
32,3,3,Hamlet,1604
1197,963,672,Richard II,1597
668,644,438,The Merchant of Venice,1619
516,532,344,King Lear,1619
494,521,325,King Lear,1619
721,708,498,The Merry Wives of Windsor,1619
274.5,269,177,1 Henry IV,1639
1403.3,1159,833,Romeo and Juliet,1637
815,793,560,Much Ado About Nothing,1600
42,19,16,Hamlet,1611
235,250,161,1 Henry IV,1622
571,560,378,Love's Labors Lost,1598
677,663,458,The Merchant of Venice,1637
1523,1188,859,Titus Andronicus,1594
1346,1103,0,Romeo and Juliet,1597
572,561,377,Love's Labors Lost,1598
199,215,133,1 Henry IV,1599
1353,1112,795,Romeo and Juliet,1599
294,338,225,2 Henry IV,1600
1531,1198,868,Titus Andronicus,1611
305,348,232,Henry V,1600
628,614,421,The Merchant of Venice,1600
710,691,485,The Merry Wives of Windsor,1602
30,4,4,Hamlet,1604
211,229,141,1 Henry IV,1608
476,501,326,King Lear,1608
44,20,18,Hamlet,1611
1288,1050,0,Richard III,1612
325,369,253,Henry V,1619
328,368,262,Henry V,1619
498,524,341,King Lear,1619
652,634,0,The Merchant of Venice,1619
727,710,0,The Merry Wives of Windsor,1619
724,709,506,The Merry Wives of Windsor,1619
1376,1133,813,Romeo and Juliet,1623
63,34,28,Hamlet,1625
587,578,392,Love's Labors Lost,1631
1240,1010,714,Richard II,1634
85,62,48,Hamlet,1637
1394,1152,826,Romeo and Juliet,1637
260,276,183,1 Henry IV,1639
93.5,71,59,Hamlet,1637
864.5,839,602,Othello,1630
778,757,540,A Midsummer Night's Dream,1619
811,786,565,Much Ado About Nothing,1600
41,16,13,Hamlet,1611
570,559,376,Love's Labors Lost,1598
1224,990,697,Richard II,1615
1370,1127,808,Romeo and Juliet,1623
756,734,520,The Merry Wives of Windsor,1630
585,576,390,Love's Labors Lost,1631
674,659,456,The Merchant of Venice,1637
1387,1144,823,Romeo and Juliet,1637
